{"cameraMode":{"drawMode":0,"name":"Shaded","section":"Shading Mode"},"sceneLighting":true,"audioPlay":false,"sceneViewState":{"m_AlwaysRefresh":false,"showFog":true,"showSkybox":true,"showFlares":true,"showImageEffects":true,"showParticleSystems":true,"showVisualEffectGraphs":true,"m_FxEnabled":true},"in2DMode":false,"pivot":{"x":-3.1723685264587404,"y":1.7751445770263672,"z":-1.1613895893096924},"rotation":{"x":-0.05704106017947197,"y":-0.6279349327087402,"z":0.04625498503446579,"w":-0.7748778462409973},"size":2.0973074436187746,"orthographic":false}